City_ID,City,Lat,Lng,Max Temp,Humidity,Cloudiness,Wind Speed,Country,Date
0,tidore,62.456,-114.3525,270.44,93,20,2.57,CA,1668369581
1,tidore,-34.5322,20.0403,288.28,82,0,0.82,ZA,1668369581
2,tidore,-46.1927,168.8643,283.57,85,56,2.06,NZ,1668369581
3,tidore,-21.2,-175.2,297.1,89,100,10.84,TO,1668369582
4,tidore,-23.1203,-134.9692,296.89,88,97,7.68,PF,1668369582
5,tidore,-5.7,34.4833,296.63,50,100,1.62,TZ,1668369582
6,tidore,53.3925,-2.5802,285.07,85,20,4.12,GB,1668369582
7,tidore,20.5169,-13.0499,300.69,10,2,3.78,MR,1668369583
8,tidore,-11.55,20.7833,293.71,86,100,2.66,AO,1668369583
9,tidore,5.4112,100.3354,299.95,95,20,1.54,MY,1668369509
10,tidore,48.0056,91.6419,270.6,46,100,2.45,MN,1668369584
11,tidore,19.7297,-155.09,299.88,79,21,1.34,US,1668369584
12,tidore,71.9667,102.5,241.43,99,100,2.83,RU,1668369584
13,tidore,38.8451,-76.875,282.63,48,100,7.2,US,1668369584
14,tidore,-45.5752,-72.0662,290.49,51,75,2.87,CL,1668369585
15,tidore,-5.0892,-81.1144,293.36,71,39,7.4,PE,1668369585
16,tidore,-33.5906,26.891,287.14,88,4,0.45,ZA,1668369585
17,tidore,52.5872,34.2778,277.53,80,21,4.49,RU,1668369586
18,tidore,34.0389,-6.8166,286.53,58,96,0.0,MA,1668369586
19,tidore,-0.6,73.0833,300.51,77,100,6.0,MV,1668369586
20,tidore,-53.15,-70.9167,291.21,34,0,6.69,CL,1668369518
21,tidore,65.6145,-37.6368,277.49,56,100,13.84,GL,1668369587
22,tidore,-46.2817,169.8464,284.34,77,87,4.49,NZ,1668369587
23,tidore,77.484,-69.3632,256.34,97,100,2.0,GL,1668369587
24,tidore,43.6475,111.9767,268.86,61,2,3.5,CN,1668369587
25,tidore,7.4167,81.8167,297.78,87,100,1.64,LK,1668369588
26,tidore,-34.0033,24.7314,286.97,88,0,2.59,ZA,1668369588
27,tidore,-54.8,-68.3,287.96,44,20,6.69,AR,1668369588
28,tidore,7.8339,-72.4742,301.36,65,75,1.54,CO,1668369589
29,tidore,-33.9258,18.4232,291.53,66,0,5.14,ZA,1668369589
30,tidore,-22.092,-70.1979,294.05,57,20,3.16,CL,1668369589
31,tidore,57.1437,-2.0981,284.53,100,100,5.14,GB,1668369589
32,tidore,-22.9661,-42.0278,300.13,69,20,4.63,BR,1668369590
33,tidore,-38.2667,141.9667,284.33,96,92,5.01,AU,1668369590
34,tidore,42.6001,-73.9662,281.13,66,77,0.45,US,1668369350
35,tidore,-33.0153,27.9116,290.93,76,5,5.49,ZA,1668369590
36,tidore,32.8795,-111.7573,293.7,22,0,5.66,US,1668369466
37,tidore,69.7008,170.3133,245.46,98,80,2.66,RU,1668369591
38,tidore,15.85,-97.0667,302.36,70,33,3.21,MX,1668369474
39,tidore,28.017,-97.5169,289.92,53,32,4.32,US,1668369591
40,tidore,-21.3393,55.4781,295.32,94,100,5.66,RE,1668369591
41,tidore,-20.4081,57.7,294.96,78,20,1.54,MU,1668369356
42,tidore,-15.1961,12.1522,293.14,71,8,3.53,AO,1668369358
43,tidore,42.097,-79.2353,275.21,76,100,4.63,US,1668369592
44,tidore,58.8053,-122.7002,267.92,74,20,1.03,CA,1668369592
45,tidore,-42.7826,147.0587,285.21,91,100,0.21,AU,1668369592
46,tidore,-33.65,115.3333,281.63,84,0,4.33,AU,1668369593
47,tidore,-42.8794,147.3294,285.4,98,75,1.54,AU,1668369593
48,tidore,45.85,22.1833,282.1,59,5,1.37,RO,1668369593
49,tidore,39.05,-27.9833,290.1,73,100,9.71,PT,1668369594
50,tidore,9.5357,99.9357,300.37,76,100,2.36,TH,1668369594
51,tidore,32.7941,-79.8626,291.53,54,0,5.14,US,1668369594
52,tidore,-37.6167,-73.65,288.14,81,35,4.86,CL,1668369594
53,tidore,-8.8389,-69.2597,306.01,48,100,0.62,BR,1668369595
54,tidore,-37.8333,140.7667,287.1,94,100,7.72,AU,1668369595
55,tidore,37.8063,-0.8374,291.66,82,0,2.57,ES,1668369595
56,tidore,24.7553,71.7722,295.26,35,0,3.57,IN,1668369596
57,tidore,37.2934,13.5264,288.88,74,95,2.79,IT,1668369596
58,tidore,42.8,93.45,274.22,46,6,2.14,CN,1668369596
59,tidore,78.2186,15.6401,270.06,74,75,4.12,SJ,1668369597
60,tidore,32.6667,-17.1,295.21,84,84,1.34,PT,1668369597
61,tidore,14.35,121.0167,299.72,87,20,1.54,PH,1668369597
62,tidore,-20.5167,57.5167,294.36,78,20,1.54,MU,1668369358
63,tidore,-17.7333,-149.15,297.59,79,100,1.99,PF,1668369598
64,tidore,63.8284,20.2597,271.11,100,0,0.0,SE,1668369598
65,tidore,-33.918,25.5701,289.31,82,0,6.17,ZA,1668369598
66,tidore,69.6496,18.957,277.16,87,75,7.72,NO,1668369598
67,tidore,-46.6,168.3333,282.95,78,25,2.97,NZ,1668369599
68,tidore,-38.1833,146.5333,284.68,91,38,3.74,AU,1668369599
69,tidore,54.3161,-130.3201,280.98,84,100,9.26,CA,1668369350
70,tidore,11.0297,20.2827,300.22,25,1,1.49,TD,1668369599
71,tidore,59.7035,30.7861,278.1,79,100,2.47,RU,1668369600
72,tidore,22.5667,59.5289,299.25,50,1,3.92,OM,1668369600
73,tidore,-6.9811,-34.8339,300.52,75,27,5.04,BR,1668369600
74,tidore,-44.7,169.15,286.54,82,49,0.89,NZ,1668369612
75,tidore,-2.65,10.0,297.94,87,37,2.93,GA,1668369615
76,tidore,-8.9266,125.4092,289.52,90,100,0.66,TL,1668369616
77,tidore,-3.8004,102.2655,296.57,94,100,1.7,ID,1668369616
78,tidore,-9.8,-139.0333,298.45,79,5,8.53,PF,1668369357
79,tidore,21.3469,-158.0858,299.64,77,40,2.57,US,1668369618
80,tidore,13.2167,-59.5167,300.42,79,35,7.87,BB,1668369619
81,tidore,31.3525,27.2453,293.03,75,17,4.96,EG,1668369621
82,tidore,50.9158,128.4611,262.49,87,100,2.62,RU,1668369621
83,tidore,-11.1806,-40.5183,301.84,47,23,1.88,BR,1668369622
84,tidore,-5.5569,-80.8222,296.01,58,49,6.76,PE,1668369623
85,tidore,-36.2333,149.1333,283.6,80,6,5.76,AU,1668369623
86,tidore,3.0707,172.7902,299.71,75,100,6.09,KI,1668369623
87,tidore,-21.2078,-159.775,297.18,57,20,4.63,CK,1668369624
88,tidore,42.6,-84.3833,276.39,59,100,5.46,US,1668369624
89,tidore,-35.7167,150.1833,291.54,80,4,3.07,AU,1668369625
90,tidore,-0.7393,-90.3518,294.96,73,24,5.29,EC,1668369625
91,tidore,54.5567,40.8703,276.83,75,100,8.6,RU,1668369626
92,tidore,48.2437,18.3085,280.76,83,0,2.17,SK,1668369626
93,tidore,46.5927,-112.0361,273.84,72,75,0.89,US,1668369367
94,tidore,-24.7911,-50.0119,295.01,77,62,5.36,BR,1668369627
95,tidore,19.4333,-99.85,293.95,39,14,1.75,MX,1668369627
96,tidore,31.2581,117.2817,284.77,57,100,3.96,CN,1668369628
97,tidore,25.5198,90.2201,289.53,88,0,1.91,IN,1668369628
98,tidore,-34.4187,19.2345,286.37,84,0,1.47,ZA,1668369629
99,tidore,50.6789,156.125,273.09,87,100,9.58,RU,1668369629
100,tidore,58.9564,126.2925,266.75,90,100,3.56,RU,1668369629
101,tidore,54.7682,-101.865,265.56,70,8,3.76,CA,1668369630
102,tidore,-33.0117,17.9442,289.32,85,0,5.93,ZA,1668369630
103,tidore,-41.4122,175.5153,286.3,73,63,2.1,NZ,1668369631
104,tidore,-9.0656,-68.6569,307.51,40,76,1.66,BR,1668369631
105,tidore,55.3556,65.8467,274.28,99,100,6.35,RU,1668369631
106,tidore,4.25,-54.3833,301.46,73,94,1.12,GF,1668369632
107,tidore,-24.8667,113.6333,292.67,69,0,7.61,AU,1668369632
108,tidore,-26.7852,-60.4388,300.86,53,56,1.83,AR,1668369632
109,tidore,-25.2406,130.9889,289.1,55,0,6.87,AU,1668369632
110,tidore,57.79,-152.4072,275.88,87,100,7.72,US,1668369633
111,tidore,-8.4667,118.7167,298.54,91,95,1.15,ID,1668369633
112,tidore,47.6666,-52.7314,275.69,90,75,3.09,CA,1668369634
113,tidore,19.8,85.85,292.44,60,0,2.82,IN,1668369634
114,tidore,52.9273,78.58,273.07,84,92,7.72,RU,1668369635
115,tidore,22.0752,-159.319,299.32,77,17,3.13,US,1668369351
116,tidore,60.3964,-1.353,285.03,90,77,8.76,GB,1668369635
117,tidore,-31.95,141.4333,286.72,66,73,10.77,AU,1668369636
118,tidore,-20.3428,57.7575,294.94,71,0,1.83,MU,1668369636
119,tidore,-2.0226,147.2712,299.96,82,100,3.96,PG,1668369636
120,tidore,-21.3585,55.7679,294.92,88,96,6.03,RE,1668369637
121,tidore,45.0205,-93.218,271.85,58,98,0.89,US,1668369637
122,tidore,-22.45,18.9667,294.87,19,0,6.08,NA,1668369637
123,tidore,72.7868,-56.1549,267.94,68,100,1.89,GL,1668369638
124,tidore,-10.1667,123.5833,299.59,87,100,2.6,ID,1668369638
125,tidore,-2.5744,150.7967,301.34,74,100,6.64,PG,1668369639
126,tidore,-22.116,14.2845,288.33,91,0,3.52,NA,1668369639
127,tidore,-17.3511,-44.9622,302.07,50,95,0.9,BR,1668369639
128,tidore,18.6411,72.8792,300.19,68,2,2.69,IN,1668369588
129,tidore,-34.4833,-54.3333,293.87,88,100,5.41,UY,1668369640
130,tidore,47.2456,47.0281,280.82,65,7,10.2,RU,1668369640
131,tidore,51.1,66.3167,274.52,97,100,13.63,KZ,1668369641
132,tidore,63.05,179.3167,262.11,91,99,2.08,RU,1668369641
133,tidore,50.4638,-3.5143,287.15,97,93,0.89,GB,1668369417
134,tidore,64.3833,-173.3,262.67,61,5,2.35,RU,1668369641
135,tidore,14.0351,-83.3888,301.22,77,84,4.9,NI,1668369642
136,tidore,7.5264,-12.505,299.41,80,90,2.13,SL,1668369642
137,tidore,68.0531,39.5131,274.97,66,100,7.46,RU,1668369643
138,tidore,40.2039,140.0242,281.47,70,85,7.12,JP,1668369643
139,tidore,28.3667,129.4833,292.15,78,82,5.65,JP,1668369643
140,tidore,-41.8697,-73.8203,286.06,81,67,7.96,CL,1668369644
141,tidore,3.1655,-52.3158,299.86,76,100,1.29,GF,1668369644
142,tidore,60.34,102.2797,257.56,93,100,4.49,RU,1668369645
143,tidore,52.7,115.1667,258.37,97,19,1.25,RU,1668369645
144,tidore,-33.8667,121.9,286.23,70,100,3.73,AU,1668369645
145,tidore,40.1629,-8.3327,288.75,91,100,2.14,PT,1668369646
146,tidore,-45.8742,170.5036,284.15,76,100,2.24,NZ,1668369631
147,tidore,45.5234,-122.6762,282.07,79,100,0.89,US,1668369620
148,tidore,6.3871,-0.3774,295.29,91,89,1.63,GH,1668369647
149,tidore,22.2855,114.1577,297.25,85,18,5.36,HK,1668369466
150,tidore,73.5069,80.5464,253.37,100,100,3.92,RU,1668369647
151,tidore,-38.0023,-57.5575,294.17,94,100,4.92,AR,1668369605
152,tidore,-16.4833,-151.75,297.15,70,100,1.77,PF,1668369648
153,tidore,-26.6167,-54.1333,293.33,75,100,1.36,AR,1668369648
154,tidore,41.7711,34.8709,280.57,81,5,1.29,TR,1668369649
155,tidore,51.9153,-8.1805,284.03,94,100,0.91,IE,1668369650
156,tidore,9.3503,-65.3245,302.33,71,93,2.63,VE,1668369650
157,tidore,39.9683,-3.931,289.99,68,92,2.77,ES,1668369651
158,tidore,-2.9701,119.8978,293.32,99,100,0.59,ID,1668369651
159,tidore,34.1356,-116.0542,289.22,33,0,0.89,US,1668369651
160,tidore,41.3165,-73.0932,285.53,59,75,4.12,US,1668369497
161,tidore,20.8947,-156.47,299.73,82,9,4.02,US,1668369652
162,tidore,-6.6447,-51.995,305.78,45,79,2.79,BR,1668369652
163,tidore,11.75,-2.9333,301.74,48,67,1.61,BF,1668369653
164,tidore,-0.7193,8.7815,300.13,89,40,4.63,GA,1668369653
165,tidore,65.75,150.85,239.91,96,30,3.18,RU,1668369654
166,tidore,39.0843,66.8332,278.68,55,38,0.61,UZ,1668369654
167,tidore,47.9417,-97.4337,268.0,79,100,3.09,US,1668369654
168,tidore,51.4667,140.7833,263.79,89,31,2.28,RU,1668369655
169,tidore,40.4272,71.7189,278.55,81,43,1.03,UZ,1668369655
170,tidore,14.6833,77.6,294.87,93,40,2.48,IN,1668369656
171,tidore,3.0833,-59.95,302.91,67,95,1.27,BR,1668369656
172,tidore,43.4065,-124.2243,284.35,58,3,3.64,US,1668369656
173,tidore,28.7829,105.0877,285.53,80,100,0.68,CN,1668369657
174,tidore,-20.0167,148.2333,298.15,68,91,3.86,AU,1668369657
175,tidore,41.1668,-74.0496,284.27,53,55,2.24,US,1668369659
176,tidore,28.9684,50.8385,299.21,57,0,6.76,IR,1668369659
177,tidore,34.6667,138.95,290.43,79,92,3.09,JP,1668369660
178,tidore,10.9333,108.1,297.35,87,65,2.84,VN,1668369660
179,tidore,0.8,127.4,300.31,80,99,1.37,ID,1668369661
180,tidore,41.2835,-70.0995,287.18,94,99,8.88,US,1668369661
181,tidore,60.3778,92.6267,267.28,96,100,1.53,RU,1668369662
182,tidore,31.2156,29.9553,292.45,63,0,5.76,EG,1668369472
183,tidore,-20.4637,16.6477,293.71,14,1,4.57,NA,1668369665
184,tidore,43.0645,44.7417,275.23,87,11,4.0,RU,1668369666
185,tidore,46.6406,126.9969,267.37,47,100,3.39,CN,1668369668
186,tidore,61.994,-49.6678,273.6,79,100,8.09,GL,1668369668
187,tidore,35.949,-85.0269,272.5,45,4,3.31,US,1668369669
188,tidore,64.2539,-15.2082,281.17,92,100,8.56,IS,1668369669
189,tidore,65.8167,87.9833,251.97,73,50,6.24,RU,1668369670
190,tidore,-1.9417,-54.7383,307.45,41,98,2.73,BR,1668369671
191,tidore,-20.2078,57.7625,294.87,72,0,2.27,MU,1668369671
192,tidore,-3.6667,152.4333,300.22,77,69,4.92,PG,1668369672
193,tidore,11.1373,123.7228,301.02,81,100,5.55,PH,1668369672
194,tidore,60.1247,64.7758,265.14,93,100,5.77,RU,1668369673
195,tidore,22.7583,121.1444,297.66,84,20,4.21,TW,1668369674
196,tidore,-13.8833,167.55,299.92,75,1,1.25,VU,1668369675
197,tidore,-2.7469,-42.8264,301.7,66,9,4.67,BR,1668369675
198,tidore,-17.9333,19.7667,297.83,18,1,1.94,NA,1668369676
199,tidore,45.1961,37.0181,282.38,83,13,5.18,RU,1668369677
200,tidore,41.05,-0.1333,287.99,71,9,1.36,ES,1668369677
201,tidore,-31.4333,152.9167,293.09,90,100,5.98,AU,1668369545
202,tidore,17.4924,44.1277,292.51,35,1,1.3,SA,1668369507
203,tidore,60.1432,-45.2371,276.51,71,81,6.76,GL,1668369678
204,tidore,-5.041,18.8162,294.94,94,95,0.33,CD,1668369679
205,tidore,7.3833,8.5667,300.1,35,58,0.59,NG,1668369679
206,tidore,-13.7833,14.6833,291.4,36,93,3.22,AO,1668369680
207,tidore,64.8945,-23.7142,283.06,75,100,13.44,IS,1668369680
208,tidore,-3.3333,128.9167,299.31,84,100,0.81,ID,1668369681
209,tidore,14.9215,-23.5087,298.45,73,75,9.26,CV,1668369681
210,tidore,69.2167,-51.1,271.16,64,20,1.03,GL,1668369681
211,tidore,63.7506,-68.5145,263.58,87,100,0.84,CA,1668369682
212,tidore,35.2442,129.2139,286.74,65,100,6.1,KR,1668369682
213,tidore,13.6017,26.6876,296.53,17,12,5.81,SD,1668369683
214,tidore,-33.6971,-53.4616,294.78,85,100,4.89,UY,1668369611
215,tidore,14.8872,120.8572,299.32,83,88,2.63,PH,1668369684
216,tidore,70.4692,-68.5914,252.28,77,100,6.17,CA,1668369684
217,tidore,54.4815,53.471,274.79,96,100,7.33,RU,1668369685
218,tidore,9.1924,117.8141,299.23,81,84,1.18,PH,1668369685
219,tidore,64.8378,-147.7164,265.42,90,82,0.89,US,1668369600
220,tidore,68.75,161.3,248.2,88,100,1.28,RU,1668369685
221,tidore,55.7435,-97.8558,265.65,76,7,3.0,CA,1668369673
222,tidore,-22.6667,167.4833,296.58,79,6,6.46,NC,1668369686
223,tidore,-0.8833,131.25,299.62,83,100,2.23,ID,1668369686
224,tidore,51.095,54.0814,276.95,92,100,12.53,KZ,1668369687
225,tidore,63.1792,14.6357,276.27,100,0,7.6,SE,1668369687
226,tidore,38.7333,-27.0667,289.68,80,93,4.43,PT,1668369687
227,tidore,27.9769,-114.0611,293.02,51,4,7.29,MX,1668369688
228,tidore,52.0258,4.175,282.57,84,4,1.54,NL,1668369688
229,tidore,-5.1989,-35.4608,299.82,75,21,6.05,BR,1668369688
230,tidore,-7.1206,-38.5019,304.33,42,35,2.05,BR,1668369689
231,tidore,-39.0333,-67.5833,297.38,25,10,10.34,AR,1668369689
232,tidore,-21.6403,-41.0511,297.75,86,98,6.92,BR,1668369689
233,tidore,34.6391,-120.4579,292.42,51,0,2.24,US,1668369608
234,tidore,-43.249,-65.3051,296.78,31,97,6.69,AR,1668369690
235,tidore,-29.9533,-71.3436,291.46,62,0,4.73,CL,1668369690
236,tidore,40.7286,124.7847,272.44,56,99,1.64,CN,1668369690
237,tidore,35.25,140.3833,288.99,67,3,8.03,JP,1668369691
238,tidore,-24.4167,26.15,294.97,69,18,0.73,BW,1668369691
239,tidore,70.6333,147.9167,238.38,100,91,2.32,RU,1668369692
240,tidore,23.4632,116.768,294.71,83,3,3.79,CN,1668369693
241,tidore,57.0531,-135.33,282.09,93,100,5.66,US,1668369693
242,tidore,2.8197,-60.6733,304.33,58,100,1.57,BR,1668369644
243,tidore,33.0833,-16.3333,292.83,83,40,2.57,PT,1668369694
244,tidore,4.2333,13.45,295.19,76,5,1.38,CM,1668369694
245,tidore,38.4167,77.2406,277.07,36,97,2.02,CN,1668369695
246,tidore,48.8125,103.5347,264.49,75,1,2.27,MN,1668369695
247,tidore,20.931,-17.0347,294.14,79,0,8.74,MR,1668369695
248,tidore,-20.7333,139.5,295.02,100,75,0.0,AU,1668369674
249,tidore,7.6244,-11.8332,297.11,95,99,1.3,SL,1668369696
250,tidore,71.2906,-156.7887,267.16,63,100,5.14,US,1668369696
251,tidore,27.0377,14.4283,290.16,33,7,3.16,LY,1668369696
252,tidore,52.3989,13.0657,281.53,88,63,3.87,DE,1668369697
253,tidore,20.8667,-90.4,301.31,65,2,5.82,MX,1668369698
254,tidore,33.3062,-111.8412,294.3,28,0,4.12,US,1668369608
255,tidore,9.8167,80.2333,299.42,82,100,3.62,LK,1668369698
256,tidore,-15.89,-52.2567,302.41,49,83,2.78,BR,1668369698
257,tidore,-26.5333,153.1,294.88,87,96,4.14,AU,1668369698
258,tidore,-43.3002,-65.1023,295.49,36,98,5.62,AR,1668369699
259,tidore,42.0304,-8.1588,282.43,92,100,2.66,PT,1668369415
260,tidore,47.9714,80.4392,271.18,74,34,2.63,KZ,1668369699
261,tidore,50.2334,-63.5986,272.2,85,99,4.56,CA,1668369700
262,tidore,31.3667,-106.0167,292.84,26,100,3.94,MX,1668369700
263,tidore,9.4942,50.8122,299.26,71,8,7.23,SO,1668369701
264,tidore,-35.1667,173.1667,290.25,73,4,3.95,NZ,1668369701
265,tidore,37.1041,-113.5841,282.83,48,100,0.89,US,1668369470
266,tidore,53.5739,142.9478,262.8,85,74,2.24,RU,1668369701
267,tidore,66.0449,-17.3389,278.48,97,100,4.32,IS,1668369702
268,tidore,59.3833,143.3,258.83,78,55,4.31,RU,1668369702
269,tidore,60.9058,61.5186,261.91,93,100,4.75,RU,1668369703
270,tidore,47.5702,-59.1367,277.81,81,100,5.76,CA,1668369703
271,tidore,67.667,12.6934,281.07,84,100,7.21,NO,1668369703
272,tidore,-28.783,32.0377,294.1,82,100,6.58,ZA,1668369703
273,tidore,38.5167,-28.7,291.37,72,40,7.72,PT,1668369704
274,tidore,49.175,-0.3224,284.56,93,0,2.06,FR,1668369704
275,tidore,18.4616,-69.2972,301.5,73,100,1.99,DO,1668369704
276,tidore,-37.65,145.5167,286.22,97,89,1.87,AU,1668369705
277,tidore,-25.1667,45.05,294.6,83,1,6.18,MG,1668369705
278,tidore,-7.3817,108.2082,295.26,97,100,0.48,ID,1668369705
279,tidore,51.0333,-4.2167,287.38,91,100,5.43,GB,1668369705
280,tidore,-22.4114,-47.5614,301.39,46,71,2.81,BR,1668369706
281,tidore,-5.6667,132.75,301.87,74,78,4.72,ID,1668369707
282,tidore,66.9395,-53.6735,266.47,81,98,4.17,GL,1668369707
283,tidore,71.6872,128.8694,249.81,93,100,2.21,RU,1668369707
284,tidore,-15.2261,-59.3353,309.56,29,89,3.83,BR,1668369708
285,tidore,49.8689,-99.3602,265.61,80,100,2.93,CA,1668369708
286,tidore,60.9167,-46.05,280.27,59,100,7.87,GL,1668369708
287,tidore,66.2333,13.6333,277.36,93,100,1.37,NO,1668369708
288,tidore,50.0833,132.1667,259.29,97,89,0.47,RU,1668369709
289,tidore,62.5903,40.6066,269.88,77,7,4.21,RU,1668369709
290,tidore,64.8569,-147.8028,265.42,94,81,0.92,US,1668369710
291,tidore,68.2191,-135.0107,257.17,93,88,1.31,CA,1668369711
292,tidore,44.0787,-80.2041,274.68,83,98,5.97,CA,1668369679
293,tidore,29.0331,21.5482,292.02,40,77,3.24,LY,1668369712
294,tidore,64.8989,45.7622,268.61,90,91,3.81,RU,1668369712
295,tidore,-6.8844,112.2051,299.31,87,69,2.29,ID,1668369712
296,tidore,43.2128,-75.4557,277.8,90,68,0.89,US,1668369602
297,tidore,-9.0763,143.2092,299.68,81,96,4.07,PG,1668369712
298,tidore,6.1241,81.1185,297.87,89,100,2.52,LK,1668369713
299,tidore,35.7333,140.8333,286.6,59,94,10.89,JP,1668369713
300,tidore,56.4088,103.1106,271.85,97,100,3.43,RU,1668369713
301,tidore,-34.7333,135.8667,285.47,74,100,9.35,AU,1668369714
302,tidore,3.1001,98.4908,290.06,96,100,1.16,ID,1668369714
303,tidore,50.1001,-91.917,268.11,71,100,1.6,CA,1668369715
304,tidore,38.0833,138.4333,284.14,71,100,5.02,JP,1668369715
305,tidore,-14.4413,-67.5278,308.96,38,32,4.38,BO,1668369716
306,tidore,-2.9022,-40.8411,301.07,75,5,8.02,BR,1668369716
307,tidore,40.835,8.3972,287.25,82,92,5.85,IT,1668369716
308,tidore,26.1247,127.6694,296.16,78,40,7.72,JP,1668369717
309,tidore,14.35,108.0,292.56,96,98,1.25,VN,1668369717
310,tidore,35.8614,14.3822,290.82,94,20,2.06,MT,1668369717
311,tidore,51.6333,-102.4343,264.16,88,99,2.52,CA,1668369717
312,tidore,47.2514,35.7058,280.41,90,98,3.89,UA,1668369718
313,tidore,-33.0393,-71.6273,296.28,59,0,7.72,CL,1668369479
314,tidore,37.3489,-108.5859,283.57,37,40,4.12,US,1668369718
315,tidore,-8.19,114.9675,298.78,90,100,1.35,ID,1668369718
316,tidore,20.0333,-96.6333,293.92,73,83,6.04,MX,1668369719
317,tidore,38.4681,106.2731,277.94,28,100,0.53,CN,1668369614
318,tidore,-7.8447,-79.1469,295.85,59,29,5.15,PE,1668369719
319,tidore,57.7814,14.1562,285.59,100,100,1.03,SE,1668369719
320,tidore,56.1138,10.1725,283.91,88,99,3.99,DK,1668369720
321,tidore,2.7739,27.616,292.09,95,87,1.04,CD,1668369720
322,tidore,51.929,22.3796,280.33,87,84,1.63,PL,1668369721
323,tidore,4.8845,-1.7554,299.33,81,100,2.71,GH,1668369721
324,tidore,69.3833,178.4167,249.75,98,98,1.76,RU,1668369721
325,tidore,-20.7377,116.8463,296.73,49,0,0.8,AU,1668369722
326,tidore,-1.195,-46.02,301.07,70,45,4.26,BR,1668369723
327,tidore,37.2687,28.2167,282.44,44,5,1.51,TR,1668369723
328,tidore,37.7167,-25.4333,289.38,77,100,3.14,PT,1668369724
329,tidore,-26.8241,-65.2226,294.15,68,75,2.06,AR,1668369543
330,tidore,18.217,-63.0578,301.94,78,13,7.35,AI,1668369726
331,tidore,4.9247,6.2642,297.9,91,96,2.22,NG,1668369726
332,tidore,71.9167,114.0833,251.78,95,100,5.2,RU,1668369727
333,tidore,44.3835,-64.3155,282.04,87,100,7.05,CA,1668369728
334,tidore,-5.795,-35.2094,300.51,74,75,6.17,BR,1668369530
335,tidore,26.1842,127.7558,295.75,78,40,7.72,JP,1668369728
336,tidore,21.4612,-71.1419,300.16,74,72,2.69,TC,1668369729
337,tidore,35.4333,132.8167,285.83,74,90,3.6,JP,1668369730
338,tidore,-0.4139,-65.0192,303.32,66,99,0.9,BR,1668369731
339,tidore,12.15,-68.2667,300.54,78,100,4.1,BQ,1668369679
340,tidore,37.0778,41.2178,287.59,35,0,2.24,TR,1668369731
341,tidore,49.7834,-74.8492,267.56,83,100,2.56,CA,1668369732
342,tidore,-23.865,35.3833,298.33,87,100,2.44,MZ,1668369733
343,tidore,65.282,-126.8329,265.28,88,12,1.47,CA,1668369734
344,tidore,22.8909,-109.9124,301.27,65,70,4.21,MX,1668369477
345,tidore,5.3833,-52.95,299.67,83,100,5.3,GF,1668369735
346,tidore,58.006,39.1772,274.41,69,100,6.68,RU,1668369735
347,tidore,41.6336,46.6433,282.65,51,16,1.93,AZ,1668369735
348,tidore,38.7992,-9.4469,292.46,99,40,5.81,PT,1668369622
349,tidore,33.194,-82.5271,287.9,30,5,4.66,US,1668369736
350,tidore,60.8697,60.4153,259.51,92,100,4.83,RU,1668369736
351,tidore,-8.4189,-37.0539,299.79,56,93,3.66,BR,1668369737
352,tidore,32.8333,66.0,280.31,82,30,2.29,AF,1668369737
353,tidore,40.6103,115.0447,274.98,49,2,1.79,CN,1668369737
354,tidore,-28.7667,114.6,285.38,82,4,3.6,AU,1668369738
355,tidore,36.7741,30.7178,290.42,40,0,3.09,TR,1668369495
356,tidore,44.1003,-70.2148,282.77,96,100,0.45,US,1668369604
357,tidore,31.6315,-8.0083,297.19,23,20,1.03,MA,1668369738
358,tidore,56.45,138.1667,267.55,54,4,2.61,RU,1668369739
359,tidore,14.9215,-23.5087,297.74,78,87,6.41,CV,1668369619
360,tidore,52.6482,19.0678,280.89,90,81,2.97,PL,1668369468
361,tidore,29.9697,40.2064,293.91,74,74,6.01,SA,1668369739
362,tidore,17.4842,73.1929,296.82,60,10,2.75,IN,1668369740
363,tidore,41.3712,-73.414,284.57,60,64,4.02,US,1668369740
364,tidore,65.5833,-171.0,263.23,74,1,2.6,RU,1668369741
365,tidore,9.1769,105.15,297.6,95,100,2.8,VN,1668369741
366,tidore,48.25,21.4333,278.87,83,0,1.17,HU,1668369741
367,tidore,32.2994,-9.2372,293.65,65,100,2.38,MA,1668369742
368,tidore,16.8634,-99.8901,301.65,74,15,1.85,MX,1668369742
369,tidore,55.9333,158.7,254.84,97,50,2.28,RU,1668369742
370,tidore,22.3384,90.7419,294.67,65,5,4.36,BD,1668369743
371,tidore,6.7533,-11.3686,299.22,82,100,2.45,LR,1668369743
372,tidore,-20.3297,-40.2925,299.23,86,96,8.05,BR,1668369743
373,tidore,59.3736,41.0305,271.95,73,96,6.21,RU,1668369744
374,tidore,8.7842,117.4231,298.66,83,83,0.73,PH,1668369744
375,tidore,18.355,-71.1585,303.99,74,40,6.69,DO,1668369744
376,tidore,14.8961,-24.4956,298.44,74,92,4.38,CV,1668369744
377,tidore,1.7427,98.7792,296.77,95,100,0.49,ID,1668369745
378,tidore,38.421,-121.4238,289.14,43,0,7.2,US,1668369721
379,tidore,6.75,11.8167,294.05,53,4,1.06,CM,1668369745
380,tidore,-18.3693,26.5019,298.0,64,84,0.58,ZW,1668369746
381,tidore,5.3991,100.3638,300.01,91,40,0.0,MY,1668369746
382,tidore,-5.4667,143.2,278.64,99,58,0.86,PG,1668369746
383,tidore,46.8083,-100.7837,264.62,87,100,3.09,US,1668369537
384,tidore,-31.6308,-71.1653,296.33,35,30,4.19,CL,1668369747
385,tidore,-8.7537,148.2534,295.92,94,100,1.31,PG,1668369747
386,tidore,-19.6702,30.0059,291.07,88,100,1.44,ZW,1668369748
387,tidore,37.5683,126.9778,282.84,93,75,1.03,KR,1668369432
388,tidore,65.85,74.4859,249.62,87,76,4.1,RU,1668369748
389,tidore,61.2767,108.0108,248.74,87,100,3.22,RU,1668369749
390,tidore,-0.6136,-47.3561,301.18,74,66,4.99,BR,1668369749
391,tidore,44.5263,-109.0565,271.84,69,100,6.69,US,1668369750
392,tidore,-17.8333,-149.2667,296.13,79,100,1.86,PF,1668369751
393,tidore,54.7183,135.315,262.62,85,8,8.51,RU,1668369751
394,tidore,69.4541,-133.0374,264.15,92,100,3.09,CA,1668369751
395,tidore,-51.6226,-69.2181,290.47,37,69,4.92,AR,1668369689
396,tidore,4.8,119.85,301.06,78,100,3.02,PH,1668369752
397,tidore,25.4872,119.1986,292.83,83,100,5.73,CN,1668369752
398,tidore,54.5833,-5.9333,287.48,88,40,4.63,GB,1668369510
399,tidore,42.0817,126.6003,270.01,67,5,0.73,CN,1668369753
400,tidore,16.0333,-93.8667,305.47,47,40,3.93,MX,1668369753
401,tidore,59.7,150.1667,257.47,96,100,2.98,RU,1668369753
402,tidore,-20.4597,-66.825,290.25,3,0,11.06,BO,1668369754
403,tidore,9.4092,45.064,293.39,35,2,4.23,SO,1668369568
404,tidore,-3.4833,23.4333,294.39,98,100,0.38,CD,1668369754
405,tidore,5.6667,73.0,300.57,73,99,3.83,MV,1668369755
406,tidore,14.5333,20.9167,299.24,21,1,3.89,TD,1668369755
407,tidore,-4.8828,-66.8958,303.83,67,100,0.76,BR,1668369755
408,tidore,19.15,82.35,288.66,74,4,2.08,IN,1668369756
409,tidore,42.4789,22.7492,280.57,69,6,0.72,BG,1668369756
410,tidore,-7.1911,-48.2072,302.79,61,97,0.8,BR,1668369757
411,tidore,65.9811,60.3094,263.59,96,100,1.19,RU,1668369757
412,tidore,32.45,130.2,289.94,77,90,5.65,JP,1668369595
413,tidore,7.7669,-72.225,296.3,89,100,0.47,VE,1668369757
414,tidore,29.5542,66.0215,287.55,62,34,1.1,PK,1668369758
415,tidore,22.7984,114.4672,295.46,86,17,2.34,CN,1668369758
416,tidore,-2.8731,-67.8022,303.67,69,100,0.58,BR,1668369758
417,tidore,66.7697,123.3711,249.7,97,100,3.36,RU,1668369759
418,tidore,10.3997,-75.5144,299.94,89,75,4.63,CO,1668369560
419,tidore,57.6814,-2.6896,285.47,54,69,6.71,GB,1668369759
420,tidore,-3.432,10.6554,298.27,86,41,3.79,GA,1668369760
421,tidore,51.65,-103.5343,263.3,82,98,2.57,CA,1668369760
422,tidore,-21.3667,55.6167,294.36,86,74,5.95,RE,1668369761
423,tidore,69.4865,88.3972,242.06,84,82,1.8,RU,1668369761
424,tidore,52.8339,70.7803,272.56,90,100,11.6,KZ,1668369761
425,tidore,8.4022,14.1698,298.28,36,18,0.37,CM,1668369762
426,tidore,49.5776,111.9753,261.93,81,2,1.68,RU,1668369762
427,tidore,25.2088,64.6357,299.87,73,0,5.9,PK,1668369763
428,tidore,56.9064,118.2631,258.54,73,94,0.69,RU,1668369763
429,tidore,12.485,-16.5469,299.77,62,84,2.61,SN,1668369763
430,tidore,-2.6741,141.3028,298.52,89,98,1.59,PG,1668369764
431,tidore,57.3064,88.1667,273.61,97,100,5.11,RU,1668369764
432,tidore,-46.1333,167.6833,284.58,88,67,1.76,NZ,1668369764
433,tidore,35.9975,45.8853,280.1,49,0,0.94,IR,1668369765
434,tidore,56.0681,-4.3356,285.86,88,100,2.05,GB,1668369765
435,tidore,4.1363,96.1285,296.4,94,100,1.19,ID,1668369765
436,tidore,68.0546,166.4372,248.1,98,100,1.57,RU,1668369766
437,tidore,-4.3222,-40.7108,306.92,34,42,1.02,BR,1668369766
438,tidore,26.1167,79.0333,293.77,43,1,0.48,IN,1668369766
439,tidore,-6.5167,-44.1833,302.83,52,72,1.6,BR,1668369767
440,tidore,67.6803,53.1512,266.53,86,99,7.96,RU,1668369767
441,tidore,61.15,149.6333,246.13,96,85,0.96,RU,1668369767
442,tidore,-11.7667,27.2333,289.92,97,93,1.38,CD,1668369768
443,tidore,39.1638,-119.7674,278.01,75,0,3.6,US,1668369765
444,tidore,46.4333,26.4,277.75,62,5,0.85,RO,1668369768
445,tidore,13.5928,-89.8275,302.49,65,15,2.63,SV,1668369768
446,tidore,60.4667,166.1,265.32,94,100,2.85,RU,1668369769
447,tidore,41.4921,2.3652,291.57,85,100,1.32,ES,1668369769
448,tidore,66.1451,-65.7125,258.86,68,85,2.34,CA,1668369769
449,tidore,-16.9833,-67.2167,294.42,14,1,4.57,BO,1668369770
450,tidore,52.0779,104.0919,262.25,85,81,1.98,RU,1668369770
451,tidore,-17.7125,-39.2481,299.39,77,57,4.45,BR,1668369771
452,tidore,45.9001,-77.3328,271.92,58,100,0.45,CA,1668369771
453,tidore,-19.9842,57.6142,295.08,69,0,0.89,MU,1668369771
454,tidore,18.3851,42.4509,287.44,63,3,1.42,SA,1668369772
455,tidore,4.9533,-77.366,297.64,91,100,3.16,CO,1668369772
456,tidore,30.4833,-115.95,290.21,62,5,7.87,MX,1668369772
457,tidore,30.9866,103.9393,284.75,77,100,0.42,CN,1668369773
458,tidore,50.6996,-127.4199,280.34,83,86,0.96,CA,1668369667
459,tidore,27.8333,113.15,283.89,59,7,3.32,CN,1668369773
460,tidore,61.7053,30.6918,274.12,81,5,2.5,RU,1668369773
461,tidore,41.1239,-100.7654,278.09,38,0,3.09,US,1668369773
462,tidore,70.8578,29.0864,274.15,80,0,4.63,NO,1668369774
463,tidore,13.7667,109.2333,296.94,90,100,3.42,VN,1668369774
464,tidore,-35.3333,-72.4167,289.73,65,7,4.02,CL,1668369774
465,tidore,48.5722,83.6542,272.44,67,95,3.77,KZ,1668369775
466,tidore,-15.7667,128.7333,300.14,83,22,1.03,AU,1668369775
467,tidore,62.2167,135.8,248.83,100,100,0.54,RU,1668369775
468,tidore,5.1367,-5.0242,299.31,82,70,3.01,CI,1668369776
469,tidore,-0.1489,31.8748,292.24,84,100,1.36,UG,1668369776
470,tidore,-19.25,146.8,295.64,78,21,1.03,AU,1668369759
471,tidore,-0.7167,-48.5233,301.02,74,27,4.83,BR,1668369776
472,tidore,-30.7414,30.455,293.69,75,94,8.11,ZA,1668369777
473,tidore,21.2311,-86.731,303.24,65,0,4.5,MX,1668369777
474,tidore,69.3,139.9,242.2,99,100,1.68,RU,1668369777
475,tidore,5.2052,-4.4146,299.85,80,96,3.67,CI,1668369778
476,tidore,51.3413,0.7328,285.51,96,58,3.61,GB,1668369778
477,tidore,7.7893,99.6348,296.53,96,99,1.22,TH,1668369778
478,tidore,4.8699,-2.2405,299.15,82,100,2.75,GH,1668369778
479,tidore,48.6814,71.6433,272.16,66,100,10.75,KZ,1668369779
480,tidore,31.2136,-82.354,289.29,46,0,4.12,US,1668369779
481,tidore,47.4833,10.7167,283.35,75,100,2.51,AT,1668369779
482,tidore,2.4312,103.8405,297.62,94,100,2.04,MY,1668369780
483,tidore,65.7,82.4667,247.58,87,5,4.29,RU,1668369780
484,tidore,39.1834,-84.5333,276.9,70,100,3.6,US,1668369781
485,tidore,-9.1061,124.8925,297.42,87,99,1.06,ID,1668369781
486,tidore,48.4669,-81.3331,269.05,86,100,3.6,CA,1668369667
487,tidore,10.9995,122.6711,297.51,92,70,3.14,PH,1668369782
488,tidore,-30.1811,-50.2056,293.0,97,100,7.04,BR,1668369782
489,tidore,25.0213,37.2685,299.3,61,0,4.1,SA,1668369783
490,tidore,-31.4707,19.776,287.44,58,0,2.07,ZA,1668369783
491,tidore,9.538,-13.6773,301.15,73,68,3.51,GN,1668369784
492,tidore,46.4856,135.8833,261.22,95,21,1.9,RU,1668369549
493,tidore,42.7762,-9.0603,288.53,94,100,4.28,ES,1668369784
494,tidore,28.6585,-17.9182,293.22,72,0,4.12,ES,1668369785
495,tidore,10.5669,72.642,299.89,77,98,1.55,IN,1668369785
496,tidore,68.3499,-133.7218,258.57,85,100,0.0,CA,1668369785
497,tidore,57.4695,31.1156,278.3,73,100,3.22,RU,1668369786
498,tidore,-33.89,-60.5736,289.92,92,100,6.93,AR,1668369786
499,tidore,45.6169,-61.3485,281.92,96,100,3.13,CA,1668369786
500,tidore,2.6708,72.8944,300.23,76,100,6.06,MV,1668369786
501,tidore,7.9803,49.8164,298.96,73,40,7.42,SO,1668369787
502,tidore,24.0934,32.907,296.61,33,0,5.68,EG,1668369787
503,tidore,28.4058,-80.6048,298.7,85,100,5.66,US,1668369787
504,tidore,52.4333,10.8,279.85,86,41,3.64,DE,1668369788
505,tidore,-21.9833,16.9167,295.5,13,0,4.57,NA,1668369788
506,tidore,58.5927,-3.5259,284.29,91,60,6.39,GB,1668369789
507,tidore,-6.2167,155.6333,300.23,81,74,1.9,PG,1668369631
508,tidore,42.2506,-75.833,279.61,73,100,3.09,US,1668369789
509,tidore,57.4244,25.9016,276.71,94,98,1.34,LV,1668369790
510,tidore,62.3873,6.557,287.22,85,100,4.07,NO,1668369790
511,tidore,9.2333,29.8333,298.07,32,10,1.92,SS,1668369790
512,tidore,4.9333,-52.3333,301.17,78,20,4.12,GF,1668369553
513,tidore,51.1507,108.921,258.56,98,67,0.6,RU,1668369791
514,tidore,43.213,-8.691,287.83,93,100,2.23,ES,1668369791
515,tidore,50.6328,81.9056,272.72,79,100,6.21,KZ,1668369792
516,tidore,-16.3989,-71.535,294.16,25,0,5.83,PE,1668369792
517,tidore,29.0361,114.5636,285.39,73,100,1.03,CN,1668369792
518,tidore,44.6201,4.3899,285.07,91,97,2.31,FR,1668369793
519,tidore,69.4719,25.5112,273.9,91,100,3.03,NO,1668369793
520,tidore,34.261,-6.5802,286.57,71,100,1.12,MA,1668369793
521,tidore,4.2498,117.8871,298.66,87,82,2.02,MY,1668369794
522,tidore,7.5333,-80.0333,298.19,75,48,2.31,PA,1668369794
523,tidore,-15.8631,-38.8828,299.34,78,98,4.15,BR,1668369795
524,tidore,59.7347,10.5931,281.36,1,100,0.98,NO,1668369795
525,tidore,-23.35,47.6,295.6,89,100,4.55,MG,1668369795
526,tidore,55.1667,-118.8027,275.62,79,75,5.19,CA,1668369650
527,tidore,-17.9869,-46.9078,301.84,47,93,4.18,BR,1668369796
528,tidore,70.3705,31.1107,272.14,80,0,4.63,NO,1668369796
529,tidore,35.0113,37.0532,290.12,48,0,2.92,SY,1668369796
530,tidore,17.0151,54.0924,299.2,73,20,1.03,OM,1668369797
531,tidore,-21.0908,-45.0914,303.0,36,48,3.21,BR,1668369797
532,tidore,-19.1164,33.4833,296.34,70,95,1.64,MZ,1668369797
533,tidore,27.5064,-99.5075,291.67,20,20,3.61,US,1668369555
534,tidore,5.6639,-67.6236,305.22,58,22,2.67,VE,1668369798
535,tidore,18.8003,110.3967,298.12,87,99,2.7,CN,1668369563
536,tidore,51.2585,-80.6094,270.14,93,100,4.12,CA,1668369798
537,tidore,40.8126,-73.999,284.74,50,75,4.12,US,1668369671
538,tidore,51.6667,75.3667,273.56,56,100,11.15,KZ,1668369799
539,tidore,-16.7333,-151.4333,297.26,66,100,1.53,PF,1668369799
540,tidore,-22.9575,14.5053,289.57,78,0,5.53,NA,1668369800
541,tidore,-12.2333,136.7667,298.49,94,6,1.54,AU,1668369800
542,tidore,70.9457,27.3465,275.18,86,75,1.03,NO,1668369800
543,tidore,-5.1347,-49.3267,307.33,60,94,0.6,BR,1668369801
544,tidore,66.53,66.6019,254.31,93,100,4.02,RU,1668369801
545,tidore,-14.7972,-57.2881,302.53,55,93,1.35,BR,1668369801
546,tidore,-3.5534,143.6268,299.22,84,100,1.17,PG,1668369802
547,tidore,1.1983,-70.1733,302.1,77,99,0.3,CO,1668369802
548,tidore,11.6667,92.75,298.8,84,55,3.89,IN,1668369802
549,tidore,-35.5667,138.6167,286.31,90,100,11.23,AU,1668369803
550,tidore,-19.55,169.2667,299.36,78,0,2.67,VU,1668369803
551,tidore,35.1333,140.3,290.16,68,2,7.39,JP,1668369803
552,tidore,44.8215,33.6045,284.83,82,23,1.53,UA,1668369804
553,tidore,51.1801,71.446,271.12,93,75,12.0,KZ,1668369622
554,tidore,70.9963,24.6622,275.28,82,78,3.69,NO,1668369804
555,tidore,25.2919,60.643,299.58,69,0,3.86,IR,1668369804
556,tidore,-10.9833,-66.1,309.0,34,93,2.13,BO,1668369805
557,tidore,36.6777,-121.6555,289.8,47,0,4.12,US,1668369749
558,tidore,13.4833,-88.1833,304.52,56,16,0.24,SV,1668369805
559,tidore,54.6667,55.7167,274.77,93,100,9.0,RU,1668369805
560,tidore,7.0419,134.2556,301.88,78,100,5.83,PW,1668369806
561,tidore,41.7597,86.1469,274.23,53,0,0.21,CN,1668369633
562,tidore,56.55,37.8833,275.58,70,100,7.37,RU,1668369806
563,tidore,30.3322,-81.6556,294.28,56,100,3.6,US,1668369494
564,tidore,46.7739,7.5725,280.2,93,75,3.09,CH,1668369806
565,tidore,59.5833,151.2833,256.95,93,88,3.64,RU,1668369807
566,tidore,49.5786,42.736,280.16,64,100,9.01,RU,1668369807
567,tidore,53.4001,-117.5857,275.19,82,40,3.13,CA,1668369807
568,tidore,-8.11,-42.9444,307.22,32,81,1.09,BR,1668369808
569,tidore,61.3614,63.5842,261.12,94,100,3.95,RU,1668369808
570,tidore,-30.2752,-57.6007,299.92,61,100,0.51,UY,1668369808
571,tidore,31.4451,12.9801,288.35,43,4,0.42,LY,1668369809
572,tidore,0.7414,30.0417,292.68,97,100,0.58,UG,1668369809
573,tidore,-17.4759,24.2968,296.1,70,100,2.03,ZM,1668369809
574,tidore,-32.2667,150.9,292.22,93,93,4.44,AU,1668369673
